{"cameraMode":{"drawMode":0,"name":"Shaded","section":"Shading Mode"},"sceneLighting":true,"audioPlay":false,"sceneViewState":{"showFog":true,"showMaterialUpdate":false,"showSkybox":true,"showFlares":true,"showImageEffects":true,"showParticleSystems":true},"in2DMode":false,"pivot":{"x":1.4191415309906006,"y":0.41096317768096926,"z":0.5619999766349793},"rotation":{"x":0.31075817346572878,"y":0.3872019648551941,"z":-0.140451580286026,"w":0.8566330671310425},"size":4.666904449462891,"orthographic":true}