{"cameraMode":{"drawMode":0,"name":"Shaded","section":"Shading Mode"},"sceneLighting":true,"audioPlay":false,"sceneViewState":{"showFog":true,"showMaterialUpdate":false,"showSkybox":true,"showFlares":true,"showImageEffects":true,"showParticleSystems":true},"in2DMode":false,"pivot":{"x":1.4191415309906006,"y":0.4109632074832916,"z":-0.13130663335323335},"rotation":{"x":0.42866525053977969,"y":-0.058193404227495196,"z":0.027678465470671655,"w":0.9011742472648621},"size":13.324814796447754,"orthographic":true}