{"cameraMode":{"drawMode":0,"name":"Shaded","section":"Shading Mode"},"sceneLighting":true,"audioPlay":false,"sceneViewState":{"showFog":true,"showMaterialUpdate":false,"showSkybox":true,"showFlares":true,"showImageEffects":true,"showParticleSystems":true},"in2DMode":false,"pivot":{"x":116.0,"y":40.54500198364258,"z":-51.919185638427737},"rotation":{"x":0.19890928268432618,"y":0.27086877822875979,"z":-0.05730597674846649,"w":0.9401377439498901},"size":4.041658401489258,"orthographic":true}