{"cameraMode":{"drawMode":0,"name":"Shaded","section":"Shading Mode"},"sceneLighting":true,"audioPlay":false,"sceneViewState":{"showFog":true,"showMaterialUpdate":false,"showSkybox":true,"showFlares":true,"showImageEffects":true,"showParticleSystems":true},"in2DMode":false,"pivot":{"x":-0.08825402706861496,"y":0.17758427560329438,"z":-0.16244842112064362},"rotation":{"x":-0.1993722915649414,"y":-0.33545881509780886,"z":0.07286921888589859,"w":-0.9178320169448853},"size":0.1854202151298523,"orthographic":true}