{"cameraMode":{"drawMode":0,"name":"Shaded","section":"Shading Mode"},"sceneLighting":true,"audioPlay":false,"sceneViewState":{"showFog":true,"showMaterialUpdate":false,"showSkybox":true,"showFlares":true,"showImageEffects":true,"showParticleSystems":true},"in2DMode":false,"pivot":{"x":-68.14637756347656,"y":174.4149169921875,"z":-155.1623992919922},"rotation":{"x":0.15459203720092774,"y":0.2364482879638672,"z":-0.03815987706184387,"w":0.9585975408554077},"size":315.47113037109377,"orthographic":true}