{"cameraMode":{"drawMode":0,"name":"Shaded","section":"Shading Mode"},"sceneLighting":true,"audioPlay":false,"sceneViewState":{"showFog":true,"showMaterialUpdate":false,"showSkybox":true,"showFlares":true,"showImageEffects":true,"showParticleSystems":true},"in2DMode":false,"pivot":{"x":170.29391479492188,"y":10.400146484375,"z":0.00007152557373046875},"rotation":{"x":0.22005563974380494,"y":-0.40078434348106387,"z":0.0995272845029831,"w":0.883890688419342},"size":77.9540786743164,"orthographic":true}